sales_id,member_id,product_id,purchase_date,payment_method
2020022400001,9kr2fvb6,XMP0398892115,20200224,00
2020060200001,48nysj5ywx,VHK6041107123,20200602,01
2020082500001,ea84hxx,BRL0968080843,20200825,00
2020122800001,831ax985i,MIL6051394905,20201228,02
2020012900001,fquv9qez,GSY4999322126,20200129,02
2020050900001,r6ccvc,FNT3580786858,20200509,02
2020032700001,s0132an41,GQS1055326034,20200327,02
2020091400001,alq5u6j,RJO1096594882,20200914,01
2020120300001,w76xatoazt,TLW9653344194,20201203,02
2020041300001,tteavt,DBT2108862224,20200413,00
2020071300001,qf5q14j1ri,GQS1055326034,20200713,00
2020011600001,q5v7c6,SAO4036509791,20200116,02
2020121400001,h523gg,IBA1130861233,20201214,00
2020042800001,kg68a1arr,NMU8010040803,20200428,02
2020072900001,4caqkdm0oa,ROX9322187199,20200729,00
2020070400001,32cwt04ch,III3910720380,20200704,00
2020021000001,7dl9fc1xx6,CMZ4317746529,20200210,00
2020061900001,enf313fpoy,GOX7445330291,20200619,02
2020022400002,f5t82d,UZK4971119818,20200224,01
2020030700001,h0eqt8fhu,ROX9322187199,20200307,00
2020121000001,r7mgat,FNT3580786858,20201210,00
2020010600001,vpbl9ot,BRL0968080843,20200106,02
2020083100001,1yv2stn,ATK8520946184,20200831,02
2020062100001,oz5sthsl,DMT0816279443,20200621,00
2020100600001,ln4rxyj,ATK8520946184,20201006,01
2020072100001,s0132an41,VDN5888586620,20200721,01
2020051700001,qicatvazcc,DOA5986231757,20200517,00
2020060200002,kql0ht,UZK4971119818,20200602,01
2020012700001,q0b8ic,PAX3681371846,20200127,00
2020050200001,f7qnezw9h,NMU8010040803,20200502,02
2020081200001,ytn02yc0m,YDM3279263531,20200812,02
2020022900001,48p0tvhhp,FNA2030032557,20200229,02
2020012300001,pvwzoph,PAX3681371846,20200123,00
2020092600001,k01tnzrf5,KXQ0799219652,20200926,02
2020062000001,epppra,PAX3681371846,20200620,01
2020021200001,9kr2fvb6,HBQ1536661449,20200212,02
2020031100001,9qzpni,III3910720380,20200311,02
2020100400001,31yrujoq,QYJ4005224098,20201004,00
2020120600001,enf313fpoy,HXE7886945543,20201206,02
2020120600002,1eipicerhn,IBA1130861233,20201206,02
2020092300001,bnn0mcixd,NNN0410714753,20200923,02
2020020800001,ir4cow,NUW0836438914,20200208,01
2020070900001,kv7mqx,VHK6041107123,20200709,00
2020020500001,ck36h0w064,DDL0206781761,20200205,02
2020080200001,jxnecrysa,DOA5986231757,20200802,00
2020112000001,rghwzkag,XMP0398892115,20201120,01
2020081400001,32cwt04ch,DMT0816279443,20200814,00
2020070900002,f5t82d,XSG8400443133,20200709,00
2020121100001,0t9nt3,SAO4036509791,20201211,00
2020110200001,r5fn3eh81a,GQS1055326034,20201102,02
2020010800001,w76xatoazt,DBT2108862224,20200108,01
2020021400001,3u94sg,BRL0968080843,20200214,01
2020042100001,cp0tlz1xgp,NZZ3990072366,20200421,00
2020022800001,zublekvl,FNT3580786858,20200228,00
2020060300001,r5fn3eh81a,DDL0206781761,20200603,00
2020110300001,h30gg2b9iq,HXE7886945543,20201103,02
2020062100002,menui3do7,BRL0968080843,20200621,00
2020071000001,0t9nt3,NZZ3990072366,20200710,01
2020122900001,0pkr1ifsi1,IBA1130861233,20201229,02
2020020100001,0t9nt3,CMZ4317746529,20200201,00
2020030400001,261bw4a7f,UZK4971119818,20200304,01
2020051800001,016zzo,LJM6733028042,20200518,00
2020100200001,ov84fc,IBA1130861233,20201002,01
2020102500001,3u94sg,HBQ1536661449,20201025,02
2020111500001,rm8j5ecru,BRL0968080843,20201115,01
2020073000001,3zb4ldim,TLW9653344194,20200730,01
2020032800001,ggersdu,CVS8807015079,20200328,01
2020122100001,la5ju9bvm2,QYJ4005224098,20201221,02
2020062000002,a3o1qf,GOX7445330291,20200620,00
2020110800001,orac8cy,BBF6435427625,20201108,01
2020020900001,jmu3momy,GGM5204359656,20200209,01
2020021900001,9oi0d4dm,ATK8520946184,20200219,02
2020112400001,12hxrjm4t8,GGM5204359656,20201124,00
2020011000001,i0835tvv,KXQ0799219652,20200110,02
2020110300002,1fkoldxb7,WIS5548946076,20201103,00
2020060500001,lm72jeyn9,FNA2030032557,20200605,01
2020012300002,ac6pe6,NNN0410714753,20200123,02
2020112800001,e2gjr81bmq,DBT2108862224,20201128,01
2020040200001,y3vg6v5t1d,DDL0206781761,20200402,02
2020060900001,h523gg,BNV5437452153,20200609,01
2020040100001,nred6m,ATK8520946184,20200401,00
2020040800001,l2n8ijt,BNV5437452153,20200408,02
2020082800001,m6mg87o,BBF6435427625,20200828,02
2020091300001,m6mg87o,TLW9653344194,20200913,02
2020031700001,fquv9qez,QPU7124814797,20200317,01
2020110300003,0km3tzk3ny,QPU7124814797,20201103,01
2020020500002,o0u93mzyw,RRH5441819904,20200205,00
2020110100001,n2fomd7,VHK6041107123,20201101,00
2020101700001,lk2n7h9,NEJ0207514918,20201017,01
2020070900003,cq1xgbng,LJM6733028042,20200709,02
2020032300001,weijmm,PFH5852589982,20200323,01
2020111600001,yzqii4w6,XSG8400443133,20201116,01
2020062000003,f5t82d,BBF6435427625,20200620,02
2020090900001,600x28pij,NZZ3990072366,20200909,02
2020072400001,1fkoldxb7,DOA5986231757,20200724,02
2020120200001,z3v6dixf,YDM3279263531,20201202,00
2020011400001,ycw8ihy,PAX3681371846,20200114,01
2020011400002,dog8cfeff,VDN5888586620,20200114,01
2020052500001,lfyo1750c,III3910720380,20200525,02
2020081900001,9kr2fvb6,CVS8807015079,20200819,02
2020043000001,s0132an41,GSY4999322126,20200430,01
2020060800001,yvgv0e7450,VHK6041107123,20200608,00
2020021000002,fssbjdx,FNA2030032557,20200210,01
2020122500001,x79955cf,BNV5437452153,20201225,00
2020111000001,c7rm6j8y,LJM6733028042,20201110,01
2020051600001,zhulic,ATK8520946184,20200516,02
2020032700002,w76xatoazt,XUP7742618754,20200327,00
2020110800002,w7jp61,FNT3580786858,20201108,02
2020061800001,o6q0uswovc,WIS5548946076,20200618,01
2020010800002,weijmm,UZK4971119818,20200108,01
2020012200001,btfshb0oqv,MEK2145796320,20200122,01
2020030600001,ipi7866,BNV5437452153,20200306,02
2020080800001,qy3odsx,ROX9322187199,20200808,00
2020122900002,1d9s9hb,FNT3580786858,20201229,01
2020111800001,3d5iqvn,KXQ0799219652,20201118,00
2020081300001,ac6pe6,MIL6051394905,20200813,00
2020082500002,gc5wi6f,DBT2108862224,20200825,01
2020072000001,bc01ar,LHB1829225139,20200720,02
2020110800003,oiq2q4qer,BRL0968080843,20201108,00
2020112600001,a3oa5296,SAO4036509791,20201126,00
2020080300001,vbgr8w2,CVS8807015079,20200803,01
2020050900002,8g8tac,YDM3279263531,20200509,00
2020062100003,h0eqt8fhu,NNN0410714753,20200621,00
2020080400001,016zzo,LJM6733028042,20200804,00
2020082200001,ttd96qe3,VHK6041107123,20200822,02
2020091600001,kv7mqx,PFH5852589982,20200916,01
2020051300001,0rnujj,QYJ4005224098,20200513,01
2020010600002,fvdhr59c8,DBT2108862224,20200106,02
2020050500001,t2tala7,FNA2030032557,20200505,00
2020070800001,q5v7c6,KXQ0799219652,20200708,00
2020051200001,4caqkdm0oa,NNN0410714753,20200512,02
2020110300004,ipi7866,ROX9322187199,20201103,00
2020092600002,0k5qzz,NMU8010040803,20200926,02
2020100700001,o6q0uswovc,FNA2030032557,20201007,00
2020090400001,8g8tac,WIS5548946076,20200904,02
2020040800002,kg68a1arr,UZK4971119818,20200408,00
2020063000001,oxrwk8r2yk,DBT2108862224,20200630,00
2020072400002,t2tala7,VHK6041107123,20200724,01
2020070600001,9t2d5em,GGM5204359656,20200706,00
2020072000002,y4lyk83t,NNN0410714753,20200720,01
2020020500003,fgcaqv,TLW9653344194,20200205,00
2020060400001,ccsg4ofdtr,FNA2030032557,20200604,02
2020022100001,k01tnzrf5,KXQ0799219652,20200221,01
2020110500001,0v60xn,LJM6733028042,20201105,01
2020092000001,likwe4bx4,XSG8400443133,20200920,01
2020012500001,hqin9n6x,VDN5888586620,20200125,00
2020110900001,gkwwjw,FNT3580786858,20201109,00
2020120700001,86o3z0an,HXE7886945543,20201207,02
2020022700001,d5050ui22,PFH5852589982,20200227,00
2020062700001,snffyk,GGM5204359656,20200627,02
2020090600001,7lxxezd,SAO4036509791,20200906,02
2020072700001,12hxrjm4t8,VDN5888586620,20200727,02
2020022100002,rm8j5ecru,QWM2297304642,20200221,02
2020120200002,yvgv0e7450,XSG8400443133,20201202,01
2020080100001,015oop7,HBQ1536661449,20200801,01
2020090600002,r5fn3eh81a,NZZ3990072366,20200906,02
2020050700001,ut0cvs,RBT2027279434,20200507,01
2020042800002,nnngbpj4uf,SAO4036509791,20200428,02
2020071500001,ttd96qe3,BRL0968080843,20200715,00
2020083000001,lw3mg2,CMZ4317746529,20200830,02
2020102600001,y72ivglye0,XMP0398892115,20201026,00
2020060100001,tv6g8om0,GGM5204359656,20200601,02
2020091400002,rghwzkag,RJO1096594882,20200914,01
2020020600001,261bw4a7f,NZZ3990072366,20200206,00
2020011500001,2wsc31tz8g,MEK2145796320,20200115,02
2020080400002,831ax985i,GOX7445330291,20200804,01
2020022900002,y4lyk83t,RBT2027279434,20200229,02
2020100200002,qy5fu7bfxq,XMP0398892115,20201002,02
2020061900002,5it9bn,GQS1055326034,20200619,02
2020030900001,orac8cy,GGM5204359656,20200309,01
2020060200003,lk2n7h9,QWM2297304642,20200602,00
2020072800001,0a0uy9f,DDL0206781761,20200728,01
2020062100004,tv6g8om0,LHB1829225139,20200621,02
2020082800002,kgyggsn,QYJ4005224098,20200828,01
2020021300001,qicatvazcc,NZZ3990072366,20200213,01
2020082400001,56wafft,UZK4971119818,20200824,02
2020022900003,zx4de7nq,QYJ4005224098,20200229,01
2020091800001,nfnvupr,VHK6041107123,20200918,00
2020110500002,5owf75935a,QWM2297304642,20201105,02
2020091300002,aji0y6,DMT0816279443,20200913,01
2020070500001,c7rm6j8y,HBQ1536661449,20200705,01
2020020100002,nred6m,RBT2027279434,20200201,02
2020052900001,2jtxb02b,RJO1096594882,20200529,00
2020060500002,ipi7866,GOX7445330291,20200605,02
2020110300005,tqf74r,NEJ0207514918,20201103,00
2020122600001,3zb4ldim,QPU7124814797,20201226,00
2020122500002,cp0tlz1xgp,ROX9322187199,20201225,01
2020042300001,z2ueax,BBF6435427625,20200423,01
2020010500001,0v60xn,YDM3279263531,20200105,00
2020072500001,s0132an41,YDM3279263531,20200725,00
2021112300001,5jxurgow,QWM2297304642,20211123,01
2021041400001,i0835tvv,PAX3681371846,20210414,02
2021122600001,r4kz36u8ue,TLW9653344194,20211226,02
2021020900001,nknqt3w,IBA1130861233,20210209,00
2021012500001,sz6rvdh8u,XSG8400443133,20210125,00
2021040700001,alq5u6j,NMU8010040803,20210407,02
2021111200001,zhulic,FNA2030032557,20211112,01
2021081400001,yzqii4w6,DMT0816279443,20210814,01
2021011800001,sirrk1,RRH5441819904,20210118,02
2021092100001,69vsyxbbf4,QWM2297304642,20210921,02
2021061400001,o1r9z27,NMU8010040803,20210614,00
2021123000001,4yfds0,HXE7886945543,20211230,00
2021050400001,ipi7866,DBT2108862224,20210504,00
2021032800001,n439enga,GQS1055326034,20210328,01
2021090100001,261bw4a7f,IBA1130861233,20210901,02
2021060500001,48p0tvhhp,VHK6041107123,20210605,01
2021061500001,lw3mg2,LHB1829225139,20210615,01
2021041700001,29u6wtv,FNT3580786858,20210417,01
2021092800001,mbnw8bk,DMT0816279443,20210928,02
2021030300001,j7yhl1c32,FNT3580786858,20210303,01
2021110400001,n2fomd7,IBA1130861233,20211104,01
2021112300002,oz5sthsl,QPU7124814797,20211123,01
2021090100002,jdn80oc,MEK2145796320,20210901,02
2021111200002,kbvsigbiaf,DBT2108862224,20211112,00
2021101500001,udttj72ugl,DDL0206781761,20211015,02
2021040500001,9kr2fvb6,MEK2145796320,20210405,02
2021042600001,f9i6uu,VDN5888586620,20210426,01
2021011200001,015oop7,GSY4999322126,20210112,02
2021070800001,lk2n7h9,NZZ3990072366,20210708,00
2021050600001,69vsyxbbf4,FNT3580786858,20210506,00
2021042200001,m4j3dab4,XSG8400443133,20210422,02
2021121900001,sz6rvdh8u,XUP7742618754,20211219,00
2021072300001,bucjg8vuaz,WIS5548946076,20210723,01
2021030400001,cq1xgbng,BRL0968080843,20210304,02
2021041300001,x79955cf,GQS1055326034,20210413,02
2021071000001,bcppvohsmd,YDM3279263531,20210710,00
2021101000001,udttj72ugl,BNV5437452153,20211010,00
2021031900001,zublekvl,UZK4971119818,20210319,02
2021101900001,cq1xgbng,FNA2030032557,20211019,02
2021120700001,29u6wtv,DBT2108862224,20211207,00
2021041000001,lm72jeyn9,DDL0206781761,20210410,00
2021042200002,6fe0mp,GAJ3930821302,20210422,02
2021050300001,nnngbpj4uf,QYJ4005224098,20210503,01
2021020300001,q0b8ic,DDL0206781761,20210203,01
2021100400001,2wsc31tz8g,SAO4036509791,20211004,01
2021102700001,bucjg8vuaz,RRH5441819904,20211027,02
2021092800002,wpx2cyos,YDM3279263531,20210928,00
2021051600001,gqfqe6r,DDL0206781761,20210516,00
2021031400001,52qzsk,DDL0206781761,20210314,02
2021020100001,8x80rmhrcn,RBT2027279434,20210201,00
2021022100001,0307hdhjo5,XSG8400443133,20210221,00
2021051600002,e2gjr81bmq,XMP0398892115,20210516,02
2021012100001,xlrfcd6mzs,GAJ3930821302,20210121,01
2021100500001,ov84fc,VHK6041107123,20211005,01
2021083100001,84rx6pry,SAO4036509791,20210831,02
2021040400001,84rx6pry,DMT0816279443,20210404,00
2021101900002,1vmefoz,FNT3580786858,20211019,02
2021120600001,laacosy,NNN0410714753,20211206,00
2021102400001,ozcywd14v,BBF6435427625,20211024,01
2021091900001,3u94sg,DOA5986231757,20210919,01
2021103100001,c7rm6j8y,SAO4036509791,20211031,02
2021120600002,86o3z0an,DMT0816279443,20211206,02
2021040800001,dvc2gu,NNN0410714753,20210408,02
2021112200001,29u6wtv,NMU8010040803,20211122,02
2021072500001,tmttqlgzu,PFH5852589982,20210725,00
2021040700002,dkeplbx,GOX7445330291,20210407,00
2021042400001,fgcaqv,RJO1096594882,20210424,01
2021021300001,cp0tlz1xgp,BRL0968080843,20210213,00
2021112700001,48p0tvhhp,DBT2108862224,20211127,02
2021031000001,8x80rmhrcn,BNV5437452153,20210310,01
2021110500001,600x28pij,XUP7742618754,20211105,02
2021012200001,0vvijvdd,IBA1130861233,20210122,01
2021051300001,n439enga,NNN0410714753,20210513,00
2021100500002,z2ueax,PAX3681371846,20211005,02
2021120100001,zsedfq,RJO1096594882,20211201,02
2021090400001,ccsg4ofdtr,WIS5548946076,20210904,02
2021031800001,gqfqe6r,HXE7886945543,20210318,02
2021100400002,52qzsk,PFH5852589982,20211004,02
2021101200001,29u6wtv,III3910720380,20211012,01
2021031200001,r7mgat,XSG8400443133,20210312,00
2021032300001,yzqii4w6,QYJ4005224098,20210323,02
2021070400001,kjtgq01,III3910720380,20210704,02
2021121400001,w1wudcbl4c,SAO4036509791,20211214,00
2021101600001,261bw4a7f,RJO1096594882,20211016,00
2021092700001,w76xatoazt,LHB1829225139,20210927,00
2021081800001,p7y6wkt,XSG8400443133,20210818,01
2021041400002,sz6rvdh8u,LHB1829225139,20210414,01
2021041500001,f9i6uu,PAX3681371846,20210415,02
2021042000001,g983ep9p9,PFH5852589982,20210420,00
2021011800002,vzhqjy62z,IBA1130861233,20210118,00
2021022400001,aji0y6,FNA2030032557,20210224,02
2021010800001,8x80rmhrcn,GAJ3930821302,20210108,02
2021103000001,x444nlz15,QPU7124814797,20211030,01
2021060700001,t2tala7,QWM2297304642,20210607,00
2021091700001,khub2rtsoy,LHB1829225139,20210917,01
2021121500001,vzhqjy62z,SAO4036509791,20211215,02
2021120800001,a3oa5296,ATK8520946184,20211208,01
2021040300001,pvwzoph,RBT2027279434,20210403,01
2021061000001,0v60xn,DBT2108862224,20210610,01
2021011800003,igqpki,CVS8807015079,20210118,01
2021030100001,ipi7866,VHK6041107123,20210301,02
2021031700001,48p0tvhhp,PAX3681371846,20210317,01
2021101400001,bucjg8vuaz,PAX3681371846,20211014,02
2021041200001,0307hdhjo5,CVS8807015079,20210412,01
2021092300001,m4j3dab4,MEK2145796320,20210923,00
2021063000001,kql0ht,CMZ4317746529,20210630,01
2021112600001,zbppfo,QWM2297304642,20211126,01
2021062300001,7gkl53ygf,CVS8807015079,20210623,02
2021012800001,831ax985i,NZZ3990072366,20210128,01
2021052000001,1elou83g,LJM6733028042,20210520,02
2021102200001,r6ccvc,HBQ1536661449,20211022,01
2021110200001,31yrujoq,QPU7124814797,20211102,01
2021122200001,n439enga,MEK2145796320,20211222,01
2021121400002,9qzpni,RBT2027279434,20211214,02
2021123100001,tqf74r,HBQ1536661449,20211231,00
2021081900001,gqfqe6r,ROX9322187199,20210819,01
2021120600003,c7rm6j8y,QPU7124814797,20211206,01
2021093000001,yrddp0n,NMU8010040803,20210930,01
2021082300001,p03wvpunw,FNA2030032557,20210823,02
2021061200001,i0835tvv,QYJ4005224098,20210612,00
2021060100001,ggersdu,PFH5852589982,20210601,01
2021082300002,hrupfl,RJO1096594882,20210823,00
2021080200001,tqf74r,PFH5852589982,20210802,01
2021032500001,kgeuidjip,VHK6041107123,20210325,02
2021032000001,o6q0uswovc,XMP0398892115,20210320,01
2021112800001,vbgr8w2,NUW0836438914,20211128,02
2021073000001,dhhlmh1t9,DMT0816279443,20210730,00
2021111500001,9io3m25a5,RBT2027279434,20211115,00
2021100800001,kbvsigbiaf,ROX9322187199,20211008,00
2021061300001,tmttqlgzu,HBQ1536661449,20210613,01
2021032500002,hrupfl,CVS8807015079,20210325,02
2021022100002,vzhqjy62z,PFH5852589982,20210221,02
2021050500001,dvc2gu,DMT0816279443,20210505,02
2021101000002,idub9r,XSG8400443133,20211010,01
2021012500002,igqpki,NMU8010040803,20210125,02
2021040900001,7gkl53ygf,DDL0206781761,20210409,02
2021092400001,qf5q14j1ri,YDM3279263531,20210924,00
2021111400001,wpx2cyos,GOX7445330291,20211114,01
2021110800001,a34mqa,WIS5548946076,20211108,01
2021040300002,m6mg87o,QWM2297304642,20210403,01
2021041400003,n439enga,QPU7124814797,20210414,02
2021032300002,lk2n7h9,TLW9653344194,20210323,00
2021073000002,bucjg8vuaz,FNT3580786858,20210730,01
2021100500003,0v60xn,TLW9653344194,20211005,00
2021120800002,wpx2cyos,KXQ0799219652,20211208,01
2021100400003,9oi0d4dm,GAJ3930821302,20211004,01
2021123000002,yz7srcbpl,QWM2297304642,20211230,01
2021102300001,vpbl9ot,XMP0398892115,20211023,01
2021122600002,aji0y6,UZK4971119818,20211226,00
2021032500003,0a0uy9f,IBA1130861233,20210325,02
2021090600001,0vvijvdd,RRH5441819904,20210906,02
2021111300001,xa5s00i8,NMU8010040803,20211113,01
2021050100001,tmttqlgzu,MEK2145796320,20210501,01
2021110700001,btfshb0oqv,QPU7124814797,20211107,02
2021020800001,86gvgt2,HBQ1536661449,20210208,01
2021030100002,3u94sg,PFH5852589982,20210301,00
2021020600001,a34mqa,QYJ4005224098,20210206,01
2021100500004,biviss,GAJ3930821302,20211005,02
2021042800001,m6mg87o,RJO1096594882,20210428,01
2021011900001,81iqy5sx,DMT0816279443,20210119,00
2021112200002,wlgje2a,BBF6435427625,20211122,02
2021110800002,0t9nt3,GSY4999322126,20211108,02
2021060500002,c7rm6j8y,QPU7124814797,20210605,00
2021013100001,yzqii4w6,FNA2030032557,20210131,01
2021071700001,idub9r,GSY4999322126,20210717,00
2021093000002,udttj72ugl,RRH5441819904,20210930,00
2021062100001,016zzo,BBF6435427625,20210621,00
2021103000002,nknqt3w,HXE7886945543,20211030,02
2021101400002,cqg433e1i,QPU7124814797,20211014,01
2021070700001,1yv2stn,NEJ0207514918,20210707,01
2021042800002,e40kzuj2x,IBA1130861233,20210428,01
2021080400001,qy5fu7bfxq,FNT3580786858,20210804,01
2021040100001,vsojrpp7r,CMZ4317746529,20210401,02
2021070200001,likwe4bx4,QWM2297304642,20210702,01
2021041100001,29u6wtv,VHK6041107123,20210411,00
2021100500005,9kr2fvb6,GSY4999322126,20211005,00
2021021100001,fpkxywz76d,BNV5437452153,20210211,01
2021051000001,cs1xsrqlnz,MIL6051394905,20210510,02
2021012500003,cq1xgbng,BRL0968080843,20210125,02
2021101300001,831ax985i,FNT3580786858,20211013,01
2021012700001,3u94sg,UZK4971119818,20210127,00
2021092900001,tteavt,XMP0398892115,20210929,01
2021081400002,tv6g8om0,KXQ0799219652,20210814,01
2021050400002,fkxzuu8,BRL0968080843,20210504,02
2021111400002,ov84fc,ATK8520946184,20211114,00
2021111400003,udttj72ugl,UZK4971119818,20211114,02
2021102800001,stqmgvu4i,UZK4971119818,20211028,01
2021010900001,s0132an41,QPU7124814797,20210109,02
2021083000001,1q3m73hc9,HBQ1536661449,20210830,00
2021011400001,0t9nt3,WIS5548946076,20210114,00
2021070100001,dn8wwii,UZK4971119818,20210701,02
2021072700001,m1fmpryfz,VHK6041107123,20210727,00
2021011500001,79kvls9meu,BBF6435427625,20210115,01
2021072900001,nmeoq4,DDL0206781761,20210729,02
2021042200003,ycw8ihy,VHK6041107123,20210422,02
2021021300002,k48oldc,CVS8807015079,20210213,01
2021102700002,w7jp61,NZZ3990072366,20211027,01
2021121300001,yrddp0n,RRH5441819904,20211213,02
2021022500001,m1fmpryfz,GQS1055326034,20210225,00
2021120100002,a34mqa,GGM5204359656,20211201,00
2022031700001,epppra,QPU7124814797,20220317,02
2022110800001,mtfpw6,MEK2145796320,20221108,01
2022101400001,krcpprcj,SAO4036509791,20221014,02
2022100900001,n439enga,CVS8807015079,20221009,00
2022111300001,o1r9z27,DMT0816279443,20221113,01
2022071900001,q77awudt,GGM5204359656,20220719,00
2022080700001,cs1xsrqlnz,BNV5437452153,20220807,01
2022041800001,sh3tow,VDN5888586620,20220418,01
2022061500001,q0b8ic,GSY4999322126,20220615,02
2022052100001,biviss,PFH5852589982,20220521,02
2022101700001,2wsc31tz8g,IBA1130861233,20221017,02
2022120100001,fgcaqv,KXQ0799219652,20221201,02
2022020700001,yzqii4w6,LJM6733028042,20220207,02
2022050500001,wskp6rfe64,NMU8010040803,20220505,02
2022042200001,f5t82d,BBF6435427625,20220422,00
2022092100001,7lxxezd,IBA1130861233,20220921,01
2022040300001,rghwzkag,MEK2145796320,20220403,01
2022110600001,z2ueax,XMP0398892115,20221106,02
2022101100001,0eqwmi,BRL0968080843,20221011,00
2022111500001,0jbzutru,FNT3580786858,20221115,01
2022071300001,ttd96qe3,GAJ3930821302,20220713,00
2022021500001,u3493wxa,ROX9322187199,20220215,00
2022042600001,4yfds0,XSG8400443133,20220426,00
2022041400001,kg68a1arr,CMZ4317746529,20220414,02
2022110400001,1fkoldxb7,VHK6041107123,20221104,01
2022092100002,5qpahkz2u2,FNT3580786858,20220921,00
2022033100001,w76xatoazt,KXQ0799219652,20220331,01
2022072800001,0o30ubmc,NZZ3990072366,20220728,01
2022040200001,nknqt3w,PAX3681371846,20220402,02
2022111300002,xvh7katqyd,FNA2030032557,20221113,00
2022120400001,zd1at7o7,UZK4971119818,20221204,02
2022050800001,oxrwk8r2yk,WIS5548946076,20220508,01
2022011900001,p03wvpunw,QYJ4005224098,20220119,02
2022122500001,zd1at7o7,MIL6051394905,20221225,01
2022020700002,0rnujj,UZK4971119818,20220207,00
2022011800001,xlrfcd6mzs,SAO4036509791,20220118,02
2022050800002,t60plo,GGM5204359656,20220508,02
2022100400001,i8kcmm,QPU7124814797,20221004,01
2022122100001,31yrujoq,QYJ4005224098,20221221,01
2022030400001,jdn80oc,UZK4971119818,20220304,01
2022091900001,48p0tvhhp,MEK2145796320,20220919,02
2022051200001,1vmefoz,YDM3279263531,20220512,01
2022081200001,oeazc0,LHB1829225139,20220812,01
2022050900001,79kvls9meu,DBT2108862224,20220509,02
2022040500001,y4lyk83t,QPU7124814797,20220405,01
2022060900001,9io3m25a5,MEK2145796320,20220609,01
2022021200001,600x28pij,ROX9322187199,20220212,01
2022010900001,w1wudcbl4c,BBF6435427625,20220109,01
2022050400001,lw3mg2,GQS1055326034,20220504,02
2022052100002,wlgje2a,XUP7742618754,20220521,02
2022100100001,4caqkdm0oa,PFH5852589982,20221001,01
2022062700001,2zbrd399q6,XUP7742618754,20220627,02
2022090500001,gqfqe6r,XSG8400443133,20220905,02
2022032600001,mtfpw6,FNT3580786858,20220326,01
2022040500002,k48oldc,SAO4036509791,20220405,01
2022121100001,tb74rs,PFH5852589982,20221211,02
2022011000001,r7mgat,SAO4036509791,20220110,00
2022043000001,3ep0fle1m,CMZ4317746529,20220430,02
2022063000001,b7tlom5,XMP0398892115,20220630,01
2022012300001,c7rm6j8y,XSG8400443133,20220123,00
2022011200001,fgcaqv,DOA5986231757,20220112,02
2022041900001,1fkoldxb7,BBF6435427625,20220419,02
2022080800001,6fe0mp,SAO4036509791,20220808,01
2022040200002,1q3m73hc9,GSY4999322126,20220402,01
2022010800001,yvgv0e7450,QYJ4005224098,20220108,01
2022072000001,0km3tzk3ny,GOX7445330291,20220720,00
2022090400001,laacosy,TLW9653344194,20220904,01
2022012900001,1elou83g,XUP7742618754,20220129,02
2022042600002,vpbl9ot,QYJ4005224098,20220426,02
2022112500001,jmu3momy,NNN0410714753,20221125,01
2022102300001,r7mgat,DOA5986231757,20221023,01
2022082600001,nukx496k4o,LHB1829225139,20220826,00
2022120400002,ozcywd14v,NUW0836438914,20221204,02
2022102900001,0a0uy9f,GGM5204359656,20221029,00
2022110900001,5owf75935a,KXQ0799219652,20221109,02
2022101100002,ea84hxx,XSG8400443133,20221011,01
2022091600001,f1c8wquuy5,LJM6733028042,20220916,00
2022033100002,e2gjr81bmq,HBQ1536661449,20220331,00
2022042200002,5p8637zgf,DMT0816279443,20220422,00
2022050300001,orac8cy,RBT2027279434,20220503,00
2022111100001,zublekvl,III3910720380,20221111,00
2022111700001,p7y6wkt,NEJ0207514918,20221117,00
2022113000001,r6ccvc,PAX3681371846,20221130,01
2022122500002,32uew9g6s,RRH5441819904,20221225,01
2022071600001,3e950i,FNA2030032557,20220716,01
2022092100003,5jxurgow,BBF6435427625,20220921,00
2022071600002,ln4rxyj,XSG8400443133,20220716,02
2022050600001,r5fn3eh81a,ATK8520946184,20220506,02
2022072500001,wxub0gz,DOA5986231757,20220725,00
2022120400003,t9nm3v2,IBA1130861233,20221204,02
2022070600001,gkwwjw,KXQ0799219652,20220706,01
2022090500002,85i87xw69,CMZ4317746529,20220905,00
2022050900002,3zb4ldim,VDN5888586620,20220509,01
2022031200001,fpkxywz76d,QYJ4005224098,20220312,01
2022122800001,0307hdhjo5,QPU7124814797,20221228,01
2022061900001,i0835tvv,RJO1096594882,20220619,02
2022061700001,l2n8ijt,BNV5437452153,20220617,01
2022030900001,7gkl53ygf,III3910720380,20220309,00
2022080500001,f1c8wquuy5,DOA5986231757,20220805,01
2022011300001,qy5fu7bfxq,GOX7445330291,20220113,00
2022102500001,fpkxywz76d,VHK6041107123,20221025,00
2022040500003,oeazc0,CVS8807015079,20220405,01
2022082000001,4ffyvn,ATK8520946184,20220820,02
2022100400002,y72ivglye0,DDL0206781761,20221004,01
2022010600001,p03wvpunw,NNN0410714753,20220106,02
2022051700001,oz5sthsl,ROX9322187199,20220517,01
2022012300002,a3o1qf,DMT0816279443,20220123,01
2022121000001,ntm9tmqliz,KXQ0799219652,20221210,01
2022082400001,jmu3momy,QYJ4005224098,20220824,02
2022081000001,2zbrd399q6,PAX3681371846,20220810,01
2022062200001,bc01ar,SAO4036509791,20220622,02
2022122500003,p11ykvubf,ROX9322187199,20221225,00
2022052700001,ecy2c11,DBT2108862224,20220527,01
2022092500001,l2n8ijt,HXE7886945543,20220925,01
2022051100001,9w4uov51,BBF6435427625,20220511,00
2022010500001,j7yhl1c32,LJM6733028042,20220105,00
2022121300001,82853uy8,PAX3681371846,20221213,01
2022060500001,016zzo,DOA5986231757,20220605,02
2022090400002,zhulic,PAX3681371846,20220904,00
2022042000001,dhhlmh1t9,RRH5441819904,20220420,01
2022081400001,stqmgvu4i,QPU7124814797,20220814,00
2022093000001,tmttqlgzu,NNN0410714753,20220930,01
2022062900001,kql0ht,QYJ4005224098,20220629,02
2022040300002,nknqt3w,GSY4999322126,20220403,02
2022102300002,vpbl9ot,RJO1096594882,20221023,00
2022111800001,ov6sgp3jk,HBQ1536661449,20221118,00
2022040200003,0v60xn,BRL0968080843,20220402,02
2022061200001,menui3do7,RRH5441819904,20220612,01
2022112600001,ttd96qe3,TLW9653344194,20221126,01
2022031000001,s2ofhb,YDM3279263531,20220310,02
2022061700002,8x80rmhrcn,DBT2108862224,20220617,02
2022101300001,0op7xmr8,IBA1130861233,20221013,02
2022050600002,8g8tac,ATK8520946184,20220506,00
2022123100001,2jtxb02b,ROX9322187199,20221231,01
2022021200002,zd1at7o7,BBF6435427625,20220212,01
2022072000002,7dl9fc1xx6,XUP7742618754,20220720,01
2022053100001,9qzpni,KXQ0799219652,20220531,01
2022082100001,fvdhr59c8,DMT0816279443,20220821,02
2022010600002,xoiot860x5,GQS1055326034,20220106,00
2022122500004,tb74rs,DOA5986231757,20221225,01
2022040100001,udttj72ugl,FNT3580786858,20220401,00
2022032500001,m1fmpryfz,RJO1096594882,20220325,01
2022102200001,nfnvupr,XMP0398892115,20221022,02
2022012400001,yz7srcbpl,IBA1130861233,20220124,00
2022112400001,9e7f18,CMZ4317746529,20221124,00
2022010200001,1yv2stn,NZZ3990072366,20220102,00
2022011500001,oeazc0,PFH5852589982,20220115,02
2022032500002,fgcaqv,NEJ0207514918,20220325,00
2022010500002,52qzsk,GQS1055326034,20220105,02
2022070800001,q5v7c6,UZK4971119818,20220708,00
2022122200001,likwe4bx4,SAO4036509791,20221222,01
2022070800002,khub2rtsoy,GSY4999322126,20220708,01
2022111800002,2wsc31tz8g,CVS8807015079,20221118,01
2022050900003,3ubm9xhcgr,QWM2297304642,20220509,01
2022072300001,dn8wwii,LJM6733028042,20220723,01
2022070800003,6ytipa87,XSG8400443133,20220708,01
2022080700002,ozcywd14v,NUW0836438914,20220807,02
2022012700001,3skf7i,RJO1096594882,20220127,02
2022032100001,6k9wam0kj,NUW0836438914,20220321,00
2022030500001,p03wvpunw,YDM3279263531,20220305,02
2022111800003,sirrk1,SAO4036509791,20221118,02
2022092800001,0pkr1ifsi1,TLW9653344194,20220928,02
2022050600003,ggersdu,LJM6733028042,20220506,00
2022080600001,oxrwk8r2yk,ROX9322187199,20220806,00
2022032700001,1l7dypml,QPU7124814797,20220327,00
2022020300001,k48oldc,NZZ3990072366,20220203,01
2022120600001,z3v6dixf,ROX9322187199,20221206,01
2022112100001,69vsyxbbf4,DMT0816279443,20221121,00
2022110500001,f7qnezw9h,CVS8807015079,20221105,02
2022081800001,1yv2stn,CVS8807015079,20220818,00
2022070200001,x79955cf,QWM2297304642,20220702,02
2022110700001,1i3vmz,LHB1829225139,20221107,01
2022071900002,kgyggsn,NUW0836438914,20220719,01
2022102300003,9pml9ln1p0,VHK6041107123,20221023,00
2022040800001,4caqkdm0oa,NMU8010040803,20220408,02
2022091400001,sh3tow,NMU8010040803,20220914,02
2022062400001,la5ju9bvm2,BNV5437452153,20220624,01
2022030900002,q5v7c6,RRH5441819904,20220309,01
2022080500002,oz5sthsl,ATK8520946184,20220805,01
2022051600001,wskp6rfe64,FNT3580786858,20220516,01
2022031400001,0rlexdw,XMP0398892115,20220314,02
2022060500002,cqg433e1i,VDN5888586620,20220605,01
2022011200002,dvc2gu,RJO1096594882,20220112,00
2022072700001,vzhqjy62z,KXQ0799219652,20220727,01
2022051900001,xoiot860x5,RJO1096594882,20220519,02
2022070400001,7orfql,GOX7445330291,20220704,00
2022051900002,016zzo,CVS8807015079,20220519,00
2022050200001,bucjg8vuaz,SAO4036509791,20220502,02
2022100300001,ye6bggrmq,PFH5852589982,20221003,01
2022100800001,j7yhl1c32,VHK6041107123,20221008,02
2022092900001,81iqy5sx,ROX9322187199,20220929,02
2022071500001,t60plo,CMZ4317746529,20220715,02
2022031800001,rm8j5ecru,DMT0816279443,20220318,02
2022022100001,84rx6pry,VHK6041107123,20220221,00
2022012400002,69vsyxbbf4,III3910720380,20220124,01
2022071800001,kgeuidjip,NEJ0207514918,20220718,01
2022051200002,5qpahkz2u2,BNV5437452153,20220512,02
2022060800001,8x80rmhrcn,UZK4971119818,20220608,02
2022060700001,84rx6pry,NMU8010040803,20220607,02
2022012600001,wxub0gz,QWM2297304642,20220126,01
2022101400002,x79955cf,BBF6435427625,20221014,01
2022021800001,j7yhl1c32,WIS5548946076,20220218,01
2022120200001,wpx2cyos,PFH5852589982,20221202,01
2022022700001,0km3tzk3ny,GOX7445330291,20220227,01
2022111500002,1yv2stn,GAJ3930821302,20221115,01
2022041000001,ln4rxyj,HXE7886945543,20220410,02
2022062800001,hrupfl,GSY4999322126,20220628,01
2022120800001,w1wudcbl4c,NEJ0207514918,20221208,02
2022071900003,bnxzu1emtx,GGM5204359656,20220719,02
2022030800001,t997e4,QYJ4005224098,20220308,01
2023021100001,cq1xgbng,DBT2108862224,20230211,02
2023102300001,48p0tvhhp,LHB1829225139,20231023,00
2023110400001,x444nlz15,VHK6041107123,20231104,00
2023121900001,snffyk,WIS5548946076,20231219,00
2023100700001,79kvls9meu,FNT3580786858,20231007,01
2023102200001,gqfqe6r,VHK6041107123,20231022,02
2023070400001,nred6m,QPU7124814797,20230704,01
2023031100001,2zbrd399q6,BNV5437452153,20230311,01
2023112400001,w76xatoazt,HBQ1536661449,20231124,02
2023093000001,3d5iqvn,ATK8520946184,20230930,00
2023120600001,69vsyxbbf4,NMU8010040803,20231206,02
2023030200001,ntm9tmqliz,XUP7742618754,20230302,01
2023092000001,p7y6wkt,GGM5204359656,20230920,01
2023082600001,zy7ez9gtwz,NUW0836438914,20230826,02
2023042300001,r7mgat,IBA1130861233,20230423,00
2023061600001,2zbrd399q6,GGM5204359656,20230616,02
2023041400001,kgyggsn,HBQ1536661449,20230414,02
2023092500001,n439enga,FNA2030032557,20230925,00
2023092700001,mtfpw6,GGM5204359656,20230927,00
2023051800001,cagrp2u4d,XUP7742618754,20230518,01
2023021300001,wskp6rfe64,DMT0816279443,20230213,01
2023082400001,cp0tlz1xgp,ATK8520946184,20230824,00
2023022400001,0rlexdw,XUP7742618754,20230224,02
2023050500001,aji0y6,VHK6041107123,20230505,01
2023101300001,4ffyvn,NNN0410714753,20231013,01
2023082400002,5jxurgow,WIS5548946076,20230824,01
2023011500001,5it9bn,SAO4036509791,20230115,01
2023111900001,gqfqe6r,VDN5888586620,20231119,02
2023100300001,p7y6wkt,PFH5852589982,20231003,00
2023012800001,015oop7,BRL0968080843,20230128,01
2023101400001,2lbm2qsq0p,III3910720380,20231014,00
2023111800001,wxub0gz,NUW0836438914,20231118,01
2023092500002,j7yhl1c32,BNV5437452153,20230925,02
2023120700001,86gvgt2,PFH5852589982,20231207,02
2023020900001,2wsc31tz8g,QWM2297304642,20230209,02
2023081000001,y4lyk83t,ROX9322187199,20230810,02
2023060500001,831ax985i,VDN5888586620,20230605,02
2023101700001,hmy4sj6bw3,LHB1829225139,20231017,01
2023050800001,600x28pij,GQS1055326034,20230508,01
2023072200001,r5fn3eh81a,PFH5852589982,20230722,01
2023082200001,7dl9fc1xx6,ROX9322187199,20230822,02
2023021700001,2jtxb02b,CMZ4317746529,20230217,01
2023052300001,o0u93mzyw,XMP0398892115,20230523,00
2023061700001,cp0tlz1xgp,ATK8520946184,20230617,01
2023020600001,bucjg8vuaz,CVS8807015079,20230206,00
2023062500001,015oop7,NMU8010040803,20230625,02
2023041400002,cqg433e1i,PAX3681371846,20230414,00
2023102400001,ln4rxyj,XUP7742618754,20231024,00
2023102900001,12hxrjm4t8,CVS8807015079,20231029,02
2023072300001,udttj72ugl,ATK8520946184,20230723,00
2023071600001,ln4rxyj,TLW9653344194,20230716,02
2023032700001,1vmefoz,DDL0206781761,20230327,02
2023101900001,0eqwmi,GGM5204359656,20231019,01
2023082100001,hqin9n6x,III3910720380,20230821,01
2023120300001,mbnw8bk,IBA1130861233,20231203,01
2023091600001,y3vg6v5t1d,YDM3279263531,20230916,00
2023120100001,qw7lvxw,HBQ1536661449,20231201,00
2023102600001,x444nlz15,XSG8400443133,20231026,00
2023121900002,5qpahkz2u2,BRL0968080843,20231219,01
2023062000001,biviss,DDL0206781761,20230620,02
2023101900002,tv6g8om0,RBT2027279434,20231019,01
2023051500001,la5ju9bvm2,LHB1829225139,20230515,02
2023110900001,dkeplbx,GQS1055326034,20231109,01
2023032700002,zx4de7nq,DBT2108862224,20230327,02
2023031800001,tb74rs,XUP7742618754,20230318,01
2023021600001,831ax985i,XSG8400443133,20230216,01
2023052300002,mqpnrjapjc,PFH5852589982,20230523,02
2023082800001,hrupfl,TLW9653344194,20230828,00
2023122900001,rvwy3rztp,SAO4036509791,20231229,01
2023061800001,pvwzoph,DOA5986231757,20230618,01
2023052700001,fvdhr59c8,RJO1096594882,20230527,02
2023081800001,tb74rs,ATK8520946184,20230818,00
2023061000001,qy3odsx,RBT2027279434,20230610,02
2023061900001,vbgr8w2,TLW9653344194,20230619,01
2023082600002,d4f2k1xer,QWM2297304642,20230826,00
2023060800001,dvc2gu,NZZ3990072366,20230608,00
2023040600001,kgyggsn,FNA2030032557,20230406,02
2023092700002,1d9s9hb,YDM3279263531,20230927,02
2023052900001,a3oa5296,ROX9322187199,20230529,01
2023092100001,orac8cy,TLW9653344194,20230921,00
2023011800001,amw2tnd,IBA1130861233,20230118,00
2023090200001,p11ykvubf,MIL6051394905,20230902,00
2023041100001,k48oldc,QWM2297304642,20230411,02
2023091600002,6k9wam0kj,GGM5204359656,20230916,00
2023113000001,cp0tlz1xgp,IBA1130861233,20231130,00
2023040400001,0eqwmi,BNV5437452153,20230404,02
2023052600001,x2bh2n,VDN5888586620,20230526,02
2023082900001,cr8b97,XMP0398892115,20230829,01
2023073000001,lm72jeyn9,LHB1829225139,20230730,01
2023090600001,5owf75935a,ROX9322187199,20230906,02
2023072800001,3ubm9xhcgr,NEJ0207514918,20230728,01
2023011700001,k48oldc,YDM3279263531,20230117,00
2023080600001,81iqy5sx,RJO1096594882,20230806,01
2023090600002,b7tlom5,RJO1096594882,20230906,02
2023051100001,z2ueax,PAX3681371846,20230511,01
2023070600001,tv6g8om0,QWM2297304642,20230706,02
2023090500001,epppra,BBF6435427625,20230905,00
2023110300001,q0b8ic,LHB1829225139,20231103,00
2023052600002,lw3mg2,RBT2027279434,20230526,01
2023061500001,s0132an41,XUP7742618754,20230615,00
2023062600001,ov84fc,QYJ4005224098,20230626,00
2023092100002,t60plo,BNV5437452153,20230921,02
2023020200001,4yfds0,BNV5437452153,20230202,00
2023022100001,uuzpeal2,GAJ3930821302,20230221,02
2023100600001,bnxzu1emtx,PFH5852589982,20231006,00
2023080700001,a34mqa,DDL0206781761,20230807,01
2023120300002,k48oldc,GAJ3930821302,20231203,02
2023022600001,0k5qzz,LJM6733028042,20230226,02
2023090500002,zx4de7nq,GAJ3930821302,20230905,00
2023080400001,1eipicerhn,GGM5204359656,20230804,01
2023061900002,2tp6qaq,ROX9322187199,20230619,00
2023050100001,2wsc31tz8g,HBQ1536661449,20230501,00
2023032100001,2irmuq9,DMT0816279443,20230321,01
2023012700001,9e7f18,QYJ4005224098,20230127,01
2023120100002,snffyk,QPU7124814797,20231201,00
2023101600001,b7tlom5,HXE7886945543,20231016,01
2023062600002,nfnvupr,WIS5548946076,20230626,00
2023031000001,mqpnrjapjc,BNV5437452153,20230310,00
2023122900002,dhhlmh1t9,ROX9322187199,20231229,01
2023073000002,xvh7katqyd,RRH5441819904,20230730,02
2023081500001,016zzo,FNT3580786858,20230815,00
2023062800001,j4t0se,GAJ3930821302,20230628,00
2023080400002,weijmm,RJO1096594882,20230804,01
2023102000001,ln4rxyj,QPU7124814797,20231020,01
2023102500001,cagrp2u4d,XUP7742618754,20231025,00
2023071300001,mqpnrjapjc,QPU7124814797,20230713,00
2023122500001,gqfqe6r,HXE7886945543,20231225,01
2023112700001,la5ju9bvm2,ROX9322187199,20231127,01
2023100500001,58w9zjxl,QYJ4005224098,20231005,00
2023011100001,qy3odsx,NNN0410714753,20230111,01
2023082900002,e2gjr81bmq,MEK2145796320,20230829,01
2023041800001,sqame4y,MEK2145796320,20230418,02
2023062600003,aji0y6,NNN0410714753,20230626,02
2023011900001,58w9zjxl,BRL0968080843,20230119,00
2023020800001,aji0y6,WIS5548946076,20230208,01
2023020800002,84rx6pry,BBF6435427625,20230208,00
2023022100002,n2fomd7,ATK8520946184,20230221,00
2023020900002,9kr2fvb6,KXQ0799219652,20230209,02
2023051500002,gyajpgz6t,CMZ4317746529,20230515,02
2023100700002,ac6pe6,QWM2297304642,20231007,01
2023031900001,yrddp0n,YDM3279263531,20230319,00
2023110200001,cq1xgbng,IBA1130861233,20231102,00
2023061700002,oiq2q4qer,TLW9653344194,20230617,02
2023062900001,cqg433e1i,BNV5437452153,20230629,02
2023071400001,a3oa5296,GQS1055326034,20230714,02
2023011000001,7lxxezd,WIS5548946076,20230110,00
2023102500002,86o3z0an,FNT3580786858,20231025,01
2023110300002,lfyo1750c,MIL6051394905,20231103,00
2023060900001,3d5iqvn,III3910720380,20230609,01
2023103100001,cr8b97,UZK4971119818,20231031,00
2023091300001,t9nm3v2,BRL0968080843,20230913,02
2023040700001,rghwzkag,MIL6051394905,20230407,00
2023041400003,dhhlmh1t9,CVS8807015079,20230414,01
2023062000002,mm2smdz,NMU8010040803,20230620,01
2023053000001,1eipicerhn,BRL0968080843,20230530,01
2023021800001,nfnvupr,DDL0206781761,20230218,00
2023120900001,28ds22wyb,ROX9322187199,20231209,00
2023083100001,k5bxj2p,FNT3580786858,20230831,02
2023110100001,t60plo,MIL6051394905,20231101,02
2023092200001,4caqkdm0oa,XUP7742618754,20230922,00
2023092400001,f7qnezw9h,XMP0398892115,20230924,02
2023031800002,0a0uy9f,GGM5204359656,20230318,00
2023123100001,z2ueax,GSY4999322126,20231231,00
2023111300001,1elou83g,HBQ1536661449,20231113,02
2023053000002,zvo5270s,GSY4999322126,20230530,01
2023070200001,6orsnc2,DBT2108862224,20230702,01
2023121200001,n439enga,SAO4036509791,20231212,00
2023061900003,idub9r,TLW9653344194,20230619,01
2023122600001,gc5wi6f,BNV5437452153,20231226,01
2023041700001,0eqwmi,VHK6041107123,20230417,02
2023111400001,vpbl9ot,BNV5437452153,20231114,02
2023040300001,oz5sthsl,TLW9653344194,20230403,00
2023051200001,2wsc31tz8g,III3910720380,20230512,00
2023091200001,o0u93mzyw,XMP0398892115,20230912,02
2023101400002,6ytipa87,XMP0398892115,20231014,00
2023032200001,32uew9g6s,GOX7445330291,20230322,00
2023112800001,gc5wi6f,FNT3580786858,20231128,00
2023121300001,4ffyvn,RRH5441819904,20231213,02
2023070600002,amw2tnd,RJO1096594882,20230706,02
2023041500001,dog8cfeff,ROX9322187199,20230415,00
2023070400002,qy5fu7bfxq,III3910720380,20230704,01
2023020800003,84rx6pry,NUW0836438914,20230208,01
2023011200001,2wsc31tz8g,NUW0836438914,20230112,01
2023090200002,cq1xgbng,XUP7742618754,20230902,00
2023030800001,dvc2gu,PAX3681371846,20230308,01
2023121900003,rm8j5ecru,VDN5888586620,20231219,02
2023100600002,biviss,NMU8010040803,20231006,00
2023030200002,b7tlom5,RRH5441819904,20230302,00
2023050400001,menui3do7,WIS5548946076,20230504,00
2023012400001,0t9nt3,QYJ4005224098,20230124,02
2023091400001,z3v6dixf,ATK8520946184,20230914,02
2023031900002,ov6sgp3jk,WIS5548946076,20230319,02
2023052800001,fgcaqv,QYJ4005224098,20230528,00
2023050300001,ln4rxyj,RRH5441819904,20230503,01
2023072600001,9t2d5em,XMP0398892115,20230726,01
2024081200001,vsojrpp7r,NUW0836438914,20240812,00
2024121600001,alq5u6j,UZK4971119818,20241216,00
2024121300001,86o3z0an,GOX7445330291,20241213,02
2024031900001,79kvls9meu,FNT3580786858,20240319,00
2024082700001,qf5q14j1ri,GGM5204359656,20240827,02
2024052800001,w76xatoazt,YDM3279263531,20240528,01
2024051200001,hqin9n6x,VHK6041107123,20240512,00
2024042000001,ov84fc,QPU7124814797,20240420,00
2024040600001,biviss,KXQ0799219652,20240406,00
2024111100001,k5bxj2p,MIL6051394905,20241111,01
2024061800001,a3oa5296,GSY4999322126,20240618,00
2024082500001,29u6wtv,FNA2030032557,20240825,00
2024030800001,32uew9g6s,CVS8807015079,20240308,00
2024112600001,xoiot860x5,QWM2297304642,20241126,00
2024112600002,a3oa5296,NUW0836438914,20241126,00
2024102000001,31yrujoq,DDL0206781761,20241020,02
2024112200001,nukx496k4o,MIL6051394905,20241122,02
2024120400001,4ffyvn,VDN5888586620,20241204,01
2024070300001,qy5fu7bfxq,TLW9653344194,20240703,01
2024110600001,016zzo,MIL6051394905,20241106,00
2024061600001,kjtgq01,BBF6435427625,20240616,02
2024060600001,wpx2cyos,WIS5548946076,20240606,01
2024081200002,4yfds0,GGM5204359656,20240812,00
2024101200001,kpm21b07,DMT0816279443,20241012,02
2024081300001,q5v7c6,ATK8520946184,20240813,01
2024020800001,1d9s9hb,ROX9322187199,20240208,00
2024091900001,zvo5270s,FNT3580786858,20240919,00
2024022600001,81iqy5sx,HXE7886945543,20240226,02
2024071700001,o0u93mzyw,YDM3279263531,20240717,00
2024072200001,t9nm3v2,III3910720380,20240722,02
2024080300001,t60plo,NZZ3990072366,20240803,02
2024011800001,7dl9fc1xx6,ATK8520946184,20240118,02
2024051900001,zbppfo,FNT3580786858,20240519,00
2024022200001,6k9wam0kj,IBA1130861233,20240222,00
2024040400001,u3493wxa,DOA5986231757,20240404,01
2024051700001,epppra,TLW9653344194,20240517,02
2024022500001,jmu3momy,DMT0816279443,20240225,01
2024021400001,gc5wi6f,QYJ4005224098,20240214,00
2024033000001,3ep0fle1m,KXQ0799219652,20240330,01
2024080200001,1vmefoz,GSY4999322126,20240802,01
2024012300001,3zb4ldim,NEJ0207514918,20240123,02
2024090200001,qvr1h61,WIS5548946076,20240902,01
2024071000001,25nsjf6,GGM5204359656,20240710,01
2024101900001,ln4rxyj,III3910720380,20241019,00
2024020900001,vbgr8w2,III3910720380,20240209,00
2024031600001,ntm9tmqliz,WIS5548946076,20240316,02
2024010400001,ov84fc,CMZ4317746529,20240104,02
2024071200001,ea84hxx,GQS1055326034,20240712,02
2024121600002,a34mqa,NNN0410714753,20241216,01
2024100600001,t60plo,GSY4999322126,20241006,01
2024020400001,12hxrjm4t8,ATK8520946184,20240204,01
2024011700001,kgeuidjip,HXE7886945543,20240117,02
2024070400001,32cwt04ch,GAJ3930821302,20240704,00
2024052200001,r5fn3eh81a,UZK4971119818,20240522,02
2024102400001,x444nlz15,CMZ4317746529,20241024,02
2024101600001,mbnw8bk,LJM6733028042,20241016,00
2024080100001,9t2d5em,BRL0968080843,20240801,00
2024072900001,0vvijvdd,SAO4036509791,20240729,01
2024021100001,2wsc31tz8g,SAO4036509791,20240211,00
2024060900001,qy3odsx,YDM3279263531,20240609,00
2024011000001,r7mgat,SAO4036509791,20240110,01
2024111000001,kbvsigbiaf,NNN0410714753,20241110,02
2024120400002,k01tnzrf5,GGM5204359656,20241204,00
2024011500001,dhhlmh1t9,NMU8010040803,20240115,01
2024073000001,86gvgt2,YDM3279263531,20240730,00
2024041500001,enf313fpoy,BNV5437452153,20240415,01
2024062300001,y3vg6v5t1d,CMZ4317746529,20240623,02
2024012200001,ntm9tmqliz,RRH5441819904,20240122,01
2024100400001,zbppfo,FNA2030032557,20241004,00
2024022200002,g983ep9p9,XUP7742618754,20240222,01
2024030500001,3skf7i,III3910720380,20240305,00
2024020100001,3e950i,GOX7445330291,20240201,02
2024021800001,600x28pij,NUW0836438914,20240218,01
2024020800002,yz7srcbpl,GOX7445330291,20240208,02
2024100500001,zbppfo,NUW0836438914,20241005,01
2024112400001,5p8637zgf,NUW0836438914,20241124,01
2024110900001,g983ep9p9,BRL0968080843,20241109,02
2024012100001,dvc2gu,GSY4999322126,20240121,02
2024040500001,m4j3dab4,KXQ0799219652,20240405,01
2024122100001,nnngbpj4uf,VDN5888586620,20241221,00
2024050500001,l2n8ijt,ATK8520946184,20240505,00
2024031100001,la5ju9bvm2,NZZ3990072366,20240311,01
2024020400002,orac8cy,TLW9653344194,20240204,02
2024051200002,lk2n7h9,CVS8807015079,20240512,02
2024060700001,kbvsigbiaf,PAX3681371846,20240607,01
2024080400001,hrupfl,QPU7124814797,20240804,00
2024091000001,nmeoq4,DDL0206781761,20240910,01
2024102300001,hyapdsw,RJO1096594882,20241023,02
2024083100001,56wafft,BNV5437452153,20240831,01
2024010100001,i0835tvv,QWM2297304642,20240101,00
2024011300001,nred6m,KXQ0799219652,20240113,01
2024010500001,dn8wwii,NNN0410714753,20240105,02
2024040200001,q5v7c6,RRH5441819904,20240402,00
2024031000001,7gkl53ygf,GGM5204359656,20240310,00
2024030500002,kql0ht,DBT2108862224,20240305,01
2024020200001,f9i6uu,WIS5548946076,20240202,00
2024021600001,p03wvpunw,FNA2030032557,20240216,00
2024080900001,x444nlz15,PAX3681371846,20240809,00
2024120700001,qy5fu7bfxq,GQS1055326034,20241207,00
2024081600001,h523gg,NEJ0207514918,20240816,00
2024050800001,khub2rtsoy,CVS8807015079,20240508,00
2024071800001,1eipicerhn,HXE7886945543,20240718,02
2024020900002,lm72jeyn9,RJO1096594882,20240209,00
2024051200003,0t9nt3,III3910720380,20240512,02
2024092100001,p11ykvubf,WIS5548946076,20240921,01
2024041300001,npx2i9ta,RRH5441819904,20240413,02
2024092400001,kjtgq01,TLW9653344194,20240924,01
2024052100001,y3vg6v5t1d,BNV5437452153,20240521,00
2024101800001,28ds22wyb,XUP7742618754,20241018,01
2024073000002,0k5qzz,ROX9322187199,20240730,02
2024070900001,nred6m,QWM2297304642,20240709,00
2024052200002,kpm21b07,CMZ4317746529,20240522,02
2024042900001,lfyo1750c,NEJ0207514918,20240429,01
2024033000002,j7yhl1c32,BBF6435427625,20240330,01
2024112700001,015oop7,RBT2027279434,20241127,02
2024110600002,3ubm9xhcgr,NZZ3990072366,20241106,02
2024110300001,epppra,PFH5852589982,20241103,01
2024101200002,84rx6pry,RJO1096594882,20241012,00
2024020200002,kg68a1arr,ATK8520946184,20240202,00
2024012200002,79kvls9meu,GQS1055326034,20240122,00
2024061900001,1yv2stn,UZK4971119818,20240619,00
2024021500001,f9i6uu,TLW9653344194,20240215,00
2024052000001,b7tlom5,IBA1130861233,20240520,00
2024062700001,f9i6uu,DDL0206781761,20240627,00
2024070200001,c7rm6j8y,UZK4971119818,20240702,00
2024062200001,qf5q14j1ri,CVS8807015079,20240622,02
2024041900001,6k9wam0kj,ATK8520946184,20240419,00
2024030800002,lk2n7h9,GSY4999322126,20240308,02
2024091300001,kpm21b07,VDN5888586620,20240913,00
2024082900001,m1fmpryfz,DBT2108862224,20240829,00
2024041800001,fgcaqv,GGM5204359656,20240418,02
2024072000001,3ep0fle1m,SAO4036509791,20240720,01
2024071100001,olwimrsxk,DOA5986231757,20240711,00
2024013100001,48nysj5ywx,RJO1096594882,20240131,02
2024080400002,p03wvpunw,ATK8520946184,20240804,00
2024111600001,e40kzuj2x,YDM3279263531,20241116,02
2024081600002,qvr1h61,NZZ3990072366,20240816,00
2024041500002,n2fomd7,FNT3580786858,20240415,01
2024082400001,y4lyk83t,GAJ3930821302,20240824,00
2024031300001,0rnujj,VDN5888586620,20240313,01
2024122100002,r4kz36u8ue,DDL0206781761,20241221,00
2024092800001,w1wudcbl4c,XUP7742618754,20240928,01
2024120200001,261bw4a7f,SAO4036509791,20241202,01
2024102800001,zy7ez9gtwz,NUW0836438914,20241028,01
2024062600001,krcpprcj,LHB1829225139,20240626,02
2024031700001,32cwt04ch,RJO1096594882,20240317,00
2024111500001,oeazc0,TLW9653344194,20241115,00
2024042700001,3u94sg,DBT2108862224,20240427,01
2024111100002,a3oa5296,VDN5888586620,20241111,00
2024060700002,6k9wam0kj,LJM6733028042,20240607,01
2024091200001,biviss,DOA5986231757,20240912,01
2024022200003,p03wvpunw,DBT2108862224,20240222,02
2024090200002,hrupfl,NEJ0207514918,20240902,02
2024050800002,25nsjf6,XMP0398892115,20240508,00
2024112900001,wlgje2a,PAX3681371846,20241129,00
2024123000001,3ubm9xhcgr,ATK8520946184,20241230,02
2024011000002,6fe0mp,KXQ0799219652,20240110,00
2024062100001,016zzo,QWM2297304642,20240621,00
2024122500001,fpkxywz76d,PFH5852589982,20241225,01
2024092000001,i0835tvv,YDM3279263531,20240920,01
2024051300001,1elou83g,DMT0816279443,20240513,00
2024100700001,kjtgq01,CVS8807015079,20241007,00
2024032700001,pvwzoph,PAX3681371846,20240327,00
2024031700002,8g8tac,GAJ3930821302,20240317,01
2024022400001,k01tnzrf5,NUW0836438914,20240224,01
2024122600001,1yv2stn,FNT3580786858,20241226,01
2024122000001,gkwwjw,BRL0968080843,20241220,02
2024112000001,84rx6pry,SAO4036509791,20241120,00
2024080900002,0307hdhjo5,VDN5888586620,20240809,00
2024013000001,f9i6uu,GQS1055326034,20240130,01
2024120500001,0o30ubmc,NUW0836438914,20241205,02
2024030800003,mqpnrjapjc,DMT0816279443,20240308,02
2024070700001,ye6bggrmq,NMU8010040803,20240707,02
2024051100001,khub2rtsoy,VDN5888586620,20240511,01
2024111300001,015oop7,QWM2297304642,20241113,01
2024070900002,0k5qzz,NMU8010040803,20240709,00
2024040600002,ck36h0w064,QWM2297304642,20240406,00
2024071800002,mbnw8bk,NNN0410714753,20240718,00
2024122100003,tmttqlgzu,HBQ1536661449,20241221,00
2024052600001,pvwzoph,DOA5986231757,20240526,00
2024121600003,58w9zjxl,PAX3681371846,20241216,00
2024061100001,cq1xgbng,QWM2297304642,20240611,02
2024120100001,stqmgvu4i,NUW0836438914,20241201,01
2024022000001,bcppvohsmd,IBA1130861233,20240220,01
2024012200003,yz7srcbpl,HXE7886945543,20240122,02
2024120600001,3d5iqvn,XSG8400443133,20241206,01
2024040800001,fquv9qez,QWM2297304642,20240408,02
2024070800001,bcppvohsmd,WIS5548946076,20240708,00
2024050500002,j4t0se,NZZ3990072366,20240505,02
2024102100001,9oi0d4dm,FNT3580786858,20241021,01
2024020600001,tmttqlgzu,TLW9653344194,20240206,02
2024122500002,29u6wtv,QWM2297304642,20241225,02
2024051300002,i8kcmm,UZK4971119818,20240513,01
2024031800001,0pkr1ifsi1,RJO1096594882,20240318,02
2024073000003,2lbm2qsq0p,XMP0398892115,20240730,02
2024102000002,jxnecrysa,QPU7124814797,20241020,02
2024062800001,nmeoq4,NZZ3990072366,20240628,00
2024090700001,u3493wxa,PFH5852589982,20240907,00
2024101700001,h30gg2b9iq,XSG8400443133,20241017,01
2024082400002,gc5wi6f,LJM6733028042,20240824,01
2024040600003,y3vg6v5t1d,NNN0410714753,20240406,00
2024071900001,a34mqa,BRL0968080843,20240719,00
2024112400002,k01tnzrf5,SAO4036509791,20241124,02
2024111400001,ntm9tmqliz,NNN0410714753,20241114,02
2024082200001,mqpnrjapjc,ROX9322187199,20240822,02
2025050900001,lw3mg2,BRL0968080843,20250509,00
2025092800001,7dl9fc1xx6,XMP0398892115,20250928,01
2025071600001,32uew9g6s,YDM3279263531,20250716,01
2025020200001,w1wudcbl4c,DMT0816279443,20250202,01
2025091600001,vsojrpp7r,YDM3279263531,20250916,01
2025122300001,bnxzu1emtx,GSY4999322126,20251223,02
2025120600001,ipi7866,KXQ0799219652,20251206,00
2025042500001,ecy2c11,NUW0836438914,20250425,01
2025121000001,i0835tvv,GSY4999322126,20251210,01
2025073100001,1yv2stn,DOA5986231757,20250731,02
2025012400001,7dl9fc1xx6,QYJ4005224098,20250124,00
2025111300001,r7anqjl,NEJ0207514918,20251113,01
2025081900001,vzhqjy62z,BRL0968080843,20250819,00
2025122400001,t2tala7,GSY4999322126,20251224,01
2025010200001,6fe0mp,HXE7886945543,20250102,02
2025102400001,lk2n7h9,YDM3279263531,20251024,02
2025082400001,18u9n7,ROX9322187199,20250824,00
2025061300001,58w9zjxl,FNA2030032557,20250613,02
2025080800001,0k5qzz,PAX3681371846,20250808,01
2025052600001,f9i6uu,FNA2030032557,20250526,02
2025070100001,xa5s00i8,GGM5204359656,20250701,01
2025112300001,likwe4bx4,MEK2145796320,20251123,00
2025070800001,fgcaqv,NNN0410714753,20250708,00
2025061600001,bnxzu1emtx,HBQ1536661449,20250616,02
2025101700001,qf5q14j1ri,PFH5852589982,20251017,02
2025080300001,gqfqe6r,XUP7742618754,20250803,02
2025033000001,ut0cvs,IBA1130861233,20250330,02
2025122200001,biviss,FNT3580786858,20251222,01
2025051300001,9e7f18,LJM6733028042,20250513,00
2025081300001,4caqkdm0oa,QPU7124814797,20250813,02
2025060400001,gyajpgz6t,RJO1096594882,20250604,01
2025070500001,ecy2c11,XUP7742618754,20250705,02
2025121800001,kv7mqx,RRH5441819904,20251218,02
2025112600001,ozcywd14v,IBA1130861233,20251126,00
2025091200001,sor8wm9,QWM2297304642,20250912,00
2025102600001,ozcywd14v,XMP0398892115,20251026,02
2025102900001,zvo5270s,HXE7886945543,20251029,02
2025122800001,cqg433e1i,LHB1829225139,20251228,02
2025111100001,q5v7c6,PAX3681371846,20251111,01
2025032700001,s2ofhb,SAO4036509791,20250327,00
2025021700001,3ep0fle1m,DOA5986231757,20250217,01
2025061300002,48nysj5ywx,DDL0206781761,20250613,00
2025052800001,831ax985i,NZZ3990072366,20250528,00
2025011100001,kbvsigbiaf,NEJ0207514918,20250111,00
2025071600002,tb74rs,WIS5548946076,20250716,02
2025091000001,ir4cow,FNA2030032557,20250910,00
2025032200001,sh3tow,ROX9322187199,20250322,02
2025081200001,mm2smdz,III3910720380,20250812,02
2025080300002,y72ivglye0,DMT0816279443,20250803,00
2025060800001,6ytipa87,FNT3580786858,20250608,00
2025111800001,krcpprcj,DBT2108862224,20251118,01
2025033100001,fquv9qez,LHB1829225139,20250331,01
2025042400001,600x28pij,IBA1130861233,20250424,01
2025011200001,0307hdhjo5,LJM6733028042,20250112,01
2025060500001,a3o1qf,MIL6051394905,20250605,01
2025011500001,udttj72ugl,SAO4036509791,20250115,02
2025052800002,kgyggsn,QYJ4005224098,20250528,01
2025041300001,fquv9qez,XSG8400443133,20250413,00
2025111000001,gc5wi6f,DBT2108862224,20251110,02
2025052500001,1l7dypml,SAO4036509791,20250525,02
2025052300001,7orfql,QWM2297304642,20250523,02
2025052800003,xa5s00i8,IBA1130861233,20250528,01
2025100900001,ccsg4ofdtr,NZZ3990072366,20251009,02
2025021000001,dkeplbx,QPU7124814797,20250210,00
2025062400001,hrupfl,ATK8520946184,20250624,00
2025081600001,yz7srcbpl,BNV5437452153,20250816,01
2025040900001,sz6rvdh8u,NMU8010040803,20250409,00
2025032400001,p7y6wkt,GOX7445330291,20250324,02
2025011100002,uuzpeal2,BBF6435427625,20250111,00
2025082800001,2irmuq9,XSG8400443133,20250828,02
2025012800001,uuzpeal2,XSG8400443133,20250128,00
2025041700001,qvr1h61,QYJ4005224098,20250417,01
2025051800001,m1fmpryfz,NMU8010040803,20250518,01
2025060700001,z3v6dixf,VHK6041107123,20250607,02
2025070700001,1l7dypml,XUP7742618754,20250707,00
2025060400002,zy7ez9gtwz,FNA2030032557,20250604,01
2025062600001,tqf74r,XUP7742618754,20250626,01
2025012000001,kg68a1arr,NZZ3990072366,20250120,00
2025110500001,32cwt04ch,KXQ0799219652,20251105,01
2025061000001,p7y6wkt,XSG8400443133,20250610,01
2025060200001,2wsc31tz8g,III3910720380,20250602,00
2025061900001,9pml9ln1p0,PFH5852589982,20250619,00
2025082300001,qf5q14j1ri,FNA2030032557,20250823,01
2025022000001,9io3m25a5,NEJ0207514918,20250220,02
2025072400001,o6q0uswovc,IBA1130861233,20250724,01
2025092000001,86o3z0an,MIL6051394905,20250920,00
2025050700001,261bw4a7f,FNA2030032557,20250507,00
2025122300002,enf313fpoy,NMU8010040803,20251223,00
2025060500002,ecy2c11,QPU7124814797,20250605,02
2025103100001,y3vg6v5t1d,LJM6733028042,20251031,01
2025092400001,3zb4ldim,LHB1829225139,20250924,02
2025083100001,weprs82gj,PFH5852589982,20250831,02
2025032500001,h30gg2b9iq,MEK2145796320,20250325,01
2025080700001,zx4de7nq,NUW0836438914,20250807,01
2025083000001,ea84hxx,ATK8520946184,20250830,00
2025040200001,0op7xmr8,MIL6051394905,20250402,01
2025021800001,85i87xw69,YDM3279263531,20250218,02
2025032800001,f5t82d,MIL6051394905,20250328,02
2025070800002,48nysj5ywx,SAO4036509791,20250708,02
2025091000002,zy7ez9gtwz,RJO1096594882,20250910,01
2025092300001,nnngbpj4uf,KXQ0799219652,20250923,02
2025100200001,52qzsk,DMT0816279443,20251002,02
2025100100001,i0835tvv,NUW0836438914,20251001,01
2025121800002,2tp6qaq,IBA1130861233,20251218,02
2025072000001,ea84hxx,RRH5441819904,20250720,01
2025090600001,dog8cfeff,PAX3681371846,20250906,01
2025042900001,81iqy5sx,GQS1055326034,20250429,00
2025083000002,zd1at7o7,III3910720380,20250830,00
2025041000001,7lxxezd,RBT2027279434,20250410,00
2025032800002,48nysj5ywx,UZK4971119818,20250328,00
2025031400001,9qzpni,KXQ0799219652,20250314,02
2025112500001,1l7dypml,GSY4999322126,20251125,02
2025041100001,tb74rs,SAO4036509791,20250411,02
2025111600001,mqpnrjapjc,FNA2030032557,20251116,00
2025121600001,9x49tmy9,SAO4036509791,20251216,00
2025061100001,k01tnzrf5,GOX7445330291,20250611,00
2025032900001,q0b8ic,LHB1829225139,20250329,02
2025032100001,a34mqa,MEK2145796320,20250321,00
2025092300002,f7qnezw9h,BBF6435427625,20250923,01
2025032500002,xa5s00i8,SAO4036509791,20250325,00
2025081200002,9kr2fvb6,QYJ4005224098,20250812,02
2025101500001,b7tlom5,VDN5888586620,20251015,02
2025072600001,9x49tmy9,DMT0816279443,20250726,00
2025100800001,28ds22wyb,GOX7445330291,20251008,01
2025011900001,h523gg,XSG8400443133,20250119,02
2025050600001,olwimrsxk,DOA5986231757,20250506,02
2025042700001,sirrk1,XSG8400443133,20250427,02
2025101300001,1b3jcz,XMP0398892115,20251013,01
2025050500001,menui3do7,XMP0398892115,20250505,00
2025021800002,mqpnrjapjc,QPU7124814797,20250218,01
2025050500002,5owf75935a,DMT0816279443,20250505,01
2025092700001,cs1xsrqlnz,RRH5441819904,20250927,02
2025040500001,g983ep9p9,QWM2297304642,20250405,01
2025111800002,82853uy8,RJO1096594882,20251118,02
2025070900001,0rnujj,WIS5548946076,20250709,02
2025041400001,f5t82d,ATK8520946184,20250414,02
2025040700001,zx4de7nq,XMP0398892115,20250407,02
2025060700002,3zb4ldim,PAX3681371846,20250607,00
2025020900001,nnngbpj4uf,GQS1055326034,20250209,02
2025071400001,wlgje2a,GGM5204359656,20250714,01
2025022800001,56wafft,NUW0836438914,20250228,00
2025111800003,wlgje2a,DDL0206781761,20251118,01
2025022000002,3e950i,SAO4036509791,20250220,02
2025032400002,ea84hxx,IBA1130861233,20250324,00
2025051300002,5it9bn,CMZ4317746529,20250513,01
2025110500002,r4kz36u8ue,RRH5441819904,20251105,01
2025101500002,r7mgat,MIL6051394905,20251015,00
2025021100001,lw3mg2,DMT0816279443,20250211,01
2025071800001,0rnujj,SAO4036509791,20250718,02
2025041800001,ut0cvs,TLW9653344194,20250418,02
2025112600002,k5bxj2p,GGM5204359656,20251126,01
2025031500001,3skf7i,YDM3279263531,20250315,02
2025040400001,48nysj5ywx,KXQ0799219652,20250404,00
2025110600001,mm2smdz,KXQ0799219652,20251106,00
2025113000001,f9i6uu,RJO1096594882,20251130,01
2025060200002,1fkoldxb7,VHK6041107123,20250602,02
2025030600001,dhhlmh1t9,DDL0206781761,20250306,00
2025121000002,56wafft,BNV5437452153,20251210,01
2025071900001,n2fomd7,BBF6435427625,20250719,02
2025100800002,snffyk,GAJ3930821302,20251008,01
2025091400001,a34mqa,ATK8520946184,20250914,02
2025102400002,5qpahkz2u2,ATK8520946184,20251024,02
2025042000001,zd1at7o7,ATK8520946184,20250420,02
2025082800002,4caqkdm0oa,VDN5888586620,20250828,01
2025050100001,p11ykvubf,FNA2030032557,20250501,00
2025080500001,sqame4y,VHK6041107123,20250805,00
2025091600002,f1c8wquuy5,ROX9322187199,20250916,00
2025071600003,nfnvupr,III3910720380,20250716,00
2025063000001,rghwzkag,RRH5441819904,20250630,02
2025020200002,w1wudcbl4c,BRL0968080843,20250202,00
2025012900001,k5bxj2p,PFH5852589982,20250129,00
2025122500001,y72ivglye0,XMP0398892115,20251225,01
2025080300003,x79955cf,NUW0836438914,20250803,00
2025090100001,bcppvohsmd,KXQ0799219652,20250901,01
2025021800003,zbppfo,XSG8400443133,20250218,01
2025120900001,nfnvupr,III3910720380,20251209,00
2025051900001,w1wudcbl4c,NEJ0207514918,20250519,02
2025051100001,qw7lvxw,GAJ3930821302,20250511,02
2025091100001,xa5s00i8,PAX3681371846,20250911,01
2025103100002,wpx2cyos,GSY4999322126,20251031,02
2025040900002,25nsjf6,CMZ4317746529,20250409,01
2025110400001,zx4de7nq,PAX3681371846,20251104,00
2025030300001,cq1xgbng,XUP7742618754,20250303,01
2025031000001,zublekvl,GOX7445330291,20250310,02
2025030500001,vsojrpp7r,NMU8010040803,20250305,00
2025042800001,0km3tzk3ny,CVS8807015079,20250428,02
2025091000003,1vmefoz,XUP7742618754,20250910,00
2025091400002,ntm9tmqliz,DMT0816279443,20250914,01
2025120200001,snffyk,FNT3580786858,20251202,01
2025112000001,ln4rxyj,DOA5986231757,20251120,02
2025112900001,udttj72ugl,RBT2027279434,20251129,01
2025071600004,bnxzu1emtx,DBT2108862224,20250716,00
2025090100002,ck36h0w064,HXE7886945543,20250901,01
2025121700001,1q3m73hc9,VDN5888586620,20251217,01
2025043000001,zy7ez9gtwz,KXQ0799219652,20250430,00
2025072700001,d5050ui22,HXE7886945543,20250727,00
2025082600001,dhhlmh1t9,GAJ3930821302,20250826,00
2025090900001,oiq2q4qer,RJO1096594882,20250909,00
2025053000001,z2ueax,LHB1829225139,20250530,01
2025050300001,12hxrjm4t8,GSY4999322126,20250503,02
